source_id,pred_hr,gt_hr,waveform_pearson
subject41,97.55859375,99.31640625,0.5560934445670239
subject42,98.4375,98.4375,0.9203479177887128
subject43,97.55859375,97.55859375,0.7462916000502691
subject44,77.34375,76.46484375,0.6839597565007706
subject45,111.62109375,111.62109375,0.8028822007625859
subject46,91.40625,91.40625,0.6844588360879023
subject47,105.46875,105.46875,0.7521699754101265
subject48,91.40625,91.40625,0.28137978605983593
subject49,86.1328125,86.1328125,0.6540508009014476
